﻿{"cameraMode":{"drawMode":0,"name":"Shaded","section":"Shading Mode"},"sceneLighting":true,"audioPlay":false,"sceneViewState":{"showFog":true,"showMaterialUpdate":false,"showSkybox":true,"showFlares":true,"showImageEffects":true,"showParticleSystems":true},"in2DMode":false,"pivot":{"x":-55.9718017578125,"y":-190.866943359375,"z":300.3868408203125},"rotation":{"x":-0.008058059960603714,"y":0.9620524644851685,"z":-0.2712441682815552,"w":-0.028580525889992715},"size":1393.9024658203125,"orthographic":false}