﻿{"cameraMode":{"drawMode":0,"name":"Shaded","section":"Shading Mode"},"sceneLighting":true,"audioPlay":false,"sceneViewState":{"showFog":true,"showMaterialUpdate":false,"showSkybox":true,"showFlares":true,"showImageEffects":true,"showParticleSystems":true},"in2DMode":false,"pivot":{"x":-342.72088623046877,"y":132.64117431640626,"z":118.91729736328125},"rotation":{"x":-0.008058059960603714,"y":0.9620524644851685,"z":-0.2712441682815552,"w":-0.028580525889992715},"size":464.0162658691406,"orthographic":false}